<?xml version="1.0" encoding="UTF-8"?>
<root>
  <item name="com.wavetopsheet.TopSheetBehavior mState">
    <annotation name="androidx.annotation.IntDef">
      <val name="value" val="{com.wavetopsheet.TopSheetBehavior.STATE_EXPANDED, com.wavetopsheet.TopSheetBehavior.STATE_COLLAPSED, com.wavetopsheet.TopSheetBehavior.STATE_DRAGGING, com.wavetopsheet.TopSheetBehavior.STATE_SETTLING, com.wavetopsheet.TopSheetBehavior.STATE_HIDDEN}" />
    </annotation>
  </item>
  <item name="com.wavetopsheet.TopSheetBehavior void setState(int) 0">
    <annotation name="androidx.annotation.IntDef">
      <val name="value" val="{com.wavetopsheet.TopSheetBehavior.STATE_EXPANDED, com.wavetopsheet.TopSheetBehavior.STATE_COLLAPSED, com.wavetopsheet.TopSheetBehavior.STATE_DRAGGING, com.wavetopsheet.TopSheetBehavior.STATE_SETTLING, com.wavetopsheet.TopSheetBehavior.STATE_HIDDEN}" />
    </annotation>
  </item>
  <item name="com.wavetopsheet.TopSheetBehavior void setStateInternal(int) 0">
    <annotation name="androidx.annotation.IntDef">
      <val name="value" val="{com.wavetopsheet.TopSheetBehavior.STATE_EXPANDED, com.wavetopsheet.TopSheetBehavior.STATE_COLLAPSED, com.wavetopsheet.TopSheetBehavior.STATE_DRAGGING, com.wavetopsheet.TopSheetBehavior.STATE_SETTLING, com.wavetopsheet.TopSheetBehavior.STATE_HIDDEN}" />
    </annotation>
  </item>
  <item name="com.wavetopsheet.TopSheetBehavior.SavedState SavedState(android.os.Parcelable, int) 1">
    <annotation name="androidx.annotation.IntDef">
      <val name="value" val="{com.wavetopsheet.TopSheetBehavior.STATE_EXPANDED, com.wavetopsheet.TopSheetBehavior.STATE_COLLAPSED, com.wavetopsheet.TopSheetBehavior.STATE_DRAGGING, com.wavetopsheet.TopSheetBehavior.STATE_SETTLING, com.wavetopsheet.TopSheetBehavior.STATE_HIDDEN}" />
    </annotation>
  </item>
  <item name="com.wavetopsheet.TopSheetBehavior.SavedState state">
    <annotation name="androidx.annotation.IntDef">
      <val name="value" val="{com.wavetopsheet.TopSheetBehavior.STATE_EXPANDED, com.wavetopsheet.TopSheetBehavior.STATE_COLLAPSED, com.wavetopsheet.TopSheetBehavior.STATE_DRAGGING, com.wavetopsheet.TopSheetBehavior.STATE_SETTLING, com.wavetopsheet.TopSheetBehavior.STATE_HIDDEN}" />
    </annotation>
  </item>
  <item name="com.wavetopsheet.TopSheetBehavior.SettleRunnable SettleRunnable(android.view.View, int) 1">
    <annotation name="androidx.annotation.IntDef">
      <val name="value" val="{com.wavetopsheet.TopSheetBehavior.STATE_EXPANDED, com.wavetopsheet.TopSheetBehavior.STATE_COLLAPSED, com.wavetopsheet.TopSheetBehavior.STATE_DRAGGING, com.wavetopsheet.TopSheetBehavior.STATE_SETTLING, com.wavetopsheet.TopSheetBehavior.STATE_HIDDEN}" />
    </annotation>
  </item>
  <item name="com.wavetopsheet.TopSheetBehavior.SettleRunnable mTargetState">
    <annotation name="androidx.annotation.IntDef">
      <val name="value" val="{com.wavetopsheet.TopSheetBehavior.STATE_EXPANDED, com.wavetopsheet.TopSheetBehavior.STATE_COLLAPSED, com.wavetopsheet.TopSheetBehavior.STATE_DRAGGING, com.wavetopsheet.TopSheetBehavior.STATE_SETTLING, com.wavetopsheet.TopSheetBehavior.STATE_HIDDEN}" />
    </annotation>
  </item>
  <item name="com.wavetopsheet.TopSheetBehavior.State">
    <annotation name="androidx.annotation.IntDef">
      <val name="value" val="{com.wavetopsheet.TopSheetBehavior.STATE_EXPANDED, com.wavetopsheet.TopSheetBehavior.STATE_COLLAPSED, com.wavetopsheet.TopSheetBehavior.STATE_DRAGGING, com.wavetopsheet.TopSheetBehavior.STATE_SETTLING, com.wavetopsheet.TopSheetBehavior.STATE_HIDDEN}" />
    </annotation>
  </item>
  <item name="com.wavetopsheet.TopSheetBehavior.TopSheetCallback void onStateChanged(android.view.View, int) 1">
    <annotation name="androidx.annotation.IntDef">
      <val name="value" val="{com.wavetopsheet.TopSheetBehavior.STATE_EXPANDED, com.wavetopsheet.TopSheetBehavior.STATE_COLLAPSED, com.wavetopsheet.TopSheetBehavior.STATE_DRAGGING, com.wavetopsheet.TopSheetBehavior.STATE_SETTLING, com.wavetopsheet.TopSheetBehavior.STATE_HIDDEN}" />
    </annotation>
  </item>
</root>

